first_name,last_name,gender,day_birth
Norbie,Spiers,Male,6/27/1965
Barbara-anne,Skatcher,Female,1/24/1962
Chaddy,Horney,Male,7/11/1988
Natalie,Babon,Female,4/24/1985
Aura,Wansbury,Female,10/24/1977
Christos,Etchingham,Male,8/21/1989
Claudie,Tinkham,Female,2/5/1971
Corie,Crawcour,Female,9/14/1993
Ryley,Mackney,Male,8/4/1981
Adriano,Iacivelli,Male,7/21/1998
Fanchette,Letherbury,Female,5/24/1997
Bjorn,Korlat,Male,8/17/1980
Neala,Vinter,Female,4/30/1983
Starlene,Arnao,Female,11/23/1967
Hilda,Abrahamovitz,Female,12/22/1981
Kerry,Kelsey,Male,10/15/1980
Hailey,Logg,Male,10/27/1981
Kyle,Rowlett,Female,3/30/1980
Ricoriki,Gatcliff,Male,7/9/1980
Tedman,Bannester,Male,4/29/1976
Blake,Lazenby,Female,1/7/1990
Aggie,Senecaux,Genderqueer,10/27/1997
Donn,Blackader,Male,4/3/1984
Noell,McCay,Bigender,7/19/1963
Ddene,Castellini,Female,8/23/1992
Pepe,Peter,Male,4/5/1974
Kristien,Delafont,Female,5/10/1992
Mathilde,Matiewe,Female,7/16/1993
Cullie,Hamelyn,Male,3/23/1966
Blondie,Birchner,Female,2/3/1971
Gaspar,Pretswell,Male,5/11/1964
Alfie,Szymanowski,Bigender,11/18/1957
Julissa,O' Finan,Female,7/7/1956
Jamison,Swaisland,Male,10/2/1958
Pooh,Armatys,Genderqueer,8/12/1973
Milton,Pandey,Male,12/3/1994
Ashleigh,Knights,Non-binary,8/1/1997
Gabby,Arkell,Male,2/13/1986
Corie,Greenhowe,Female,4/11/1964
Eliot,Casajuana,Male,6/30/1992
Luce,Edmenson,Female,5/22/1978
Dagny,Cornford,Genderfluid,7/5/1974
Allie,Takis,Male,12/12/1960
Bobbe,Janous,Female,3/29/1972
Kevina,Whytock,Non-binary,8/23/1973
Lydon,Skivington,Male,4/29/1983
Wood,Cosin,Male,12/10/1977
Lissi,MacGahy,Female,6/6/1988
Damaris,Braybrook,Female,7/3/1997
Rowen,Nornasell,Male,2/27/1981
Linn,Cuffin,Male,10/31/1990
Olvan,Gilstin,Male,11/11/1989
Merry,Garretts,Male,11/16/1968
Demetrius,Valentine,Male,7/31/1981
Filippo,Mayward,Male,1/11/1985
Sukey,Rendbaek,Female,8/2/1971
Francesca,Elby,Female,8/14/1968
Albertina,Emor,Female,7/3/1989
Siana,McGriffin,Female,11/8/1998
Margareta,Lutman,Female,4/10/1979
Sandro,Castiblanco,Male,10/9/1972
Cassandre,Sorby,Female,11/4/1966
Blinnie,Bikker,Female,11/26/1967
Audi,Edinburgh,Genderqueer,7/4/1965
Mack,Pastor,Male,2/29/1984
Jorge,Lascelles,Male,12/1/1959
Timmy,Boycott,Male,3/22/1960
Glenine,Capponeer,Female,7/4/1959
Deedee,Penddreth,Female,3/7/1968
Grant,Ducker,Male,8/29/1989
Zachery,de Glanville,Male,8/5/1989
Maurice,Bilbrook,Male,8/28/1985
Stern,Ivashintsov,Male,12/10/1958
Hagan,Edgecombe,Polygender,10/11/1998
Neale,Rake,Male,10/19/1983
Mignon,Reina,Female,4/22/1978
Skell,Crawshay,Male,3/4/1983
Eustace,Lepard,Male,2/9/1969
Arther,Eagger,Male,11/12/1964
Kimmie,Littlecote,Female,10/25/1988
Harwilll,Blabber,Male,2/21/1968
Washington,Sommer,Male,8/10/1975
Gunther,Curness,Male,10/9/1966
Garv,Bott,Male,6/5/1978
Goran,Joslin,Male,4/27/1989
Georgine,Kenworthy,Female,11/24/1965
Elysha,Bowld,Female,7/7/1961
Milt,Rosander,Male,10/3/1971
Chaddy,Lillistone,Male,9/15/1994
Cosette,Jertz,Female,12/27/1958
Carrol,Izhaky,Male,9/3/1960
Lane,Dendon,Male,8/22/1985
Shannen,Pitkeathley,Female,2/5/1997
Sloane,Ferneyhough,Male,7/30/1978
Kania,Vignal,Female,8/1/1983
Addy,Langran,Male,10/12/1980
Anatol,Antonomoli,Male,1/16/1970
Alaric,Selcraig,Male,12/16/1991
Casper,Boken,Male,6/16/1970
George,Branscombe,Male,1/7/1983
Jimmie,Brassington,Male,12/15/1997
Josefa,Ripon,Genderfluid,5/12/1984
Florenza,Bettaney,Female,4/24/1958
Norene,Brise,Female,9/2/1997
Johnny,Otto,Male,5/3/1957
Charmane,Crawshaw,Female,4/5/1995
Alex,Yellowlee,Male,3/2/1960
Vale,Voice,Male,7/11/1957
Randie,Helleckas,Female,11/23/1956
Daria,Raffeorty,Female,1/30/1976
Valeda,Pollie,Female,12/12/1956
Viviana,Verdon,Female,12/10/1980
Dallon,Cuvley,Male,10/18/1989
Rosanne,Stanlike,Female,1/25/1964
Rancell,Astlatt,Male,5/10/1967
Stafford,Lorie,Male,12/12/1977
Devina,Bittany,Female,10/30/1979
Glenine,Dean,Genderqueer,6/19/1968
Sharon,Grabeham,Female,3/8/1977
Frederico,Cureton,Male,6/8/1970
Sam,Shulver,Female,8/24/1997
Sancho,McCerery,Male,11/24/1969
Julius,Ibbott,Male,3/12/1977
Tomasine,Durtnel,Female,6/1/1972
Demeter,Gregh,Female,7/26/1995
Sebastiano,Moncey,Male,7/27/1975
Ophelie,Sutch,Female,12/13/1961
Dean,Bartolomieu,Male,1/23/1959
Moritz,Eneas,Male,5/26/1972
Tedi,Lambarth,Female,8/23/1985
Robinia,Varren,Female,12/10/1987
Norman,Whelpton,Male,9/24/1994
Worthy,Mountcastle,Male,8/21/1960
Graehme,Kirsopp,Male,2/7/1994
Guntar,O'Lennane,Male,5/7/1963
Drud,Kobera,Male,11/25/1990
Kizzie,Pardey,Female,3/7/1982
Marcellus,Bunton,Male,12/7/1995
Emilie,Marc,Female,1/30/1960
Obed,Boddington,Male,8/6/1973
Benny,Headey,Female,3/12/1962
Chryste,Terbeek,Female,5/2/1966
Syman,McCarver,Male,6/14/1962
Stearn,Masterson,Male,6/6/1962
Michail,Palumbo,Male,11/27/1991
Oralee,Kingman,Female,1/20/1984
Nickolas,Staton,Polygender,3/31/1964
Manfred,Mullaly,Male,6/14/1997
Joane,Pevie,Female,7/17/1980
Darryl,Griffitts,Male,10/6/1967
Archy,Vossing,Male,5/3/1974
Stan,Train,Male,4/15/1979
Daphne,Giffaut,Female,1/24/1959
Hobie,Clewer,Non-binary,6/30/1963
Antonella,Cholwell,Female,11/18/1963
Vinny,Ismirnioglou,Genderfluid,4/1/1986
Afton,Kretchmer,Female,12/12/1983
Fonz,Ricard,Male,11/22/1970
Hortense,Aupol,Female,9/18/1969
Hayley,Churms,Female,5/21/1989
Pierson,Olijve,Male,11/2/1960
Shelley,Berthon,Non-binary,8/31/1966
Lorinda,Chalfain,Female,5/26/1971
Haleigh,Culcheth,Female,4/23/1987
Lauritz,Patkin,Male,11/5/1956
Onfroi,Whittock,Male,1/20/1957
Bamby,Abrahart,Female,1/18/1974
Mariele,Ludee,Female,4/14/1968
Hilliard,Waplinton,Male,3/29/1991
Grenville,Iwanicki,Male,6/17/1986
Allys,Frew,Female,6/28/1987
Antonin,Hardman,Male,2/9/1964
Salomon,Waterhowse,Male,1/20/1965
Teressa,Auty,Female,7/2/1989
Skippy,Camoys,Male,3/1/1956
Boyce,Necrews,Male,11/14/1957
Annabal,Tabert,Female,3/29/1959
Cobb,Dalglish,Male,2/10/1991
Erv,Plank,Male,11/2/1972
Ambros,Wehden,Male,1/7/1967
Janice,Mohammad,Female,3/12/1960
Edgar,Gribben,Bigender,11/18/1979
Nicolis,Beaty,Male,5/12/1991
Stella,Kenaway,Female,7/19/1956
Ransom,Zohrer,Male,5/6/1967
Peirce,Danigel,Male,8/18/1967
Michaeline,Robertz,Female,2/27/1966
Karney,Bleier,Male,5/27/1959
Isabelle,Alflat,Female,12/6/1989
Louella,Ellice,Female,9/3/1978
Darrelle,Avon,Female,10/13/1994
Una,Summerlie,Female,5/24/1993
Melanie,Joder,Agender,12/7/1975
Burg,Jery,Male,12/9/1974
Hashim,Edgar,Genderqueer,8/27/1985
Berni,Ivakhin,Non-binary,12/10/1989
Barclay,Jerger,Male,7/24/1976
Felecia,Ganiclef,Bigender,9/6/1969
Seka,Piotr,Female,1/21/1977
Delcina,Cheshire,Female,2/21/1970
